Org,Repo,Yaml,Smell 1,Smell 2,Smell 3,Smell 4,Smell 5,Smell 6,Smell 7,Smell 8,Smell 9,Smell 10,Smell 11,Smell 12,Smell 13,Smell 14,Smell 15,Smell 16,Smell 17,Smell 18,Smell 19,Smell 20,Smell 21,Smell 22,Smell 23
keycloak,keycloak,guides.yml,,,,,Tool,,,Tool,,,,Tool,,Tool,Tool,Tool,,,Tool,,,,
parcel-bundler,parcel,release.yml,,Tool,,,Tool,,,,,,Tool,Tool,Tool,Tool,Tool,Tool,,,Tool,,,,
jquery,jquery,filestash.yml,,,,,Tool,,Tool,Tool,,,,,,Tool,Tool,,Tool,Tool,,,,,
alibaba,sentinel,ci.yml,Tool,Tool,,,Tool,Tool,Tool,Tool,,,Tool,Tool,,Tool,Tool,,,,Tool,,Tool,,
oracle,graal,quarkus.yml,,Tool,,,Tool,Tool,,,Tool,Tool,,Tool,Tool,Tool,Tool,Tool,,Tool,Tool,,,Tool,
spacedriveapp,spacedrive,ci.yml,,Tool,,Tool,,,,,,Tool,,Tool,,Tool,,,,Tool,,,,,
keycloak,keycloak,js-ci.yml,,,,,Tool,,,Tool,,,Tool,Tool,,Tool,Tool,Tool,,Tool,Tool,Tool,,,
cypress-io,cypress,upload_release_asset.yml,Tool,Tool,Tool,,Tool,,,,,,,Tool,Tool,Tool,Tool,,,Tool,,,,,
google,gson,build.yml,,,,Tool,Tool,Tool,Tool,Tool,,,,Tool,,Tool,Tool,Tool,,Tool,Tool,,,Tool,
netty,netty,ci-pr.yml,,Tool,,,Tool,,,,,Tool,,Tool,,Tool,Tool,Tool,Tool,,Tool,,,,
pixijs,pixi.js,release.yml,Tool,Tool,,,Tool,,,,,Tool,,Tool,Tool,Tool,,,,,,,,,
hpcaitech,ColossalAI,compatiblity_test_on_schedule.yml,Tool,Tool,,Tool,Tool,,,,Tool,,,Tool,Tool,Tool,Tool,Tool,,Tool,,Tool,,,
abpframework,abp,update-versions.yml,,Tool,,,Tool,,,,,,,Tool,,Tool,Tool,,,Tool,,Tool,Tool,,
microsoft,semantic-kernel,generate-pr-description.yml,,Tool,,Tool,Tool,,,,,,,Tool,,Tool,Tool,,,,,,,,
appwrite,appwrite,check-dependencies.yml,,Tool,,,,Tool,,,,,,Tool,,Tool,,,,,,,,,
redisson,redisson,codeql-analysis.yml,,Tool,,,Tool,Tool,Tool,Tool,Tool,,,Tool,Tool,Tool,Tool,,Tool,,,,,,
doocs,Leetcode,clang-format-lint.yml,Tool,Tool,,,Tool,,,,,,,Tool,,Tool,Tool,Tool,,,Tool,,Tool,,
app-vnext,polly,build.yml,,,,,Tool,Tool,Tool,Tool,,Tool,Tool,Tool,,Tool,Tool,,,Tool,Tool,,,Tool,
doocs,Leetcode,pr-add-label.yml,,,,,Tool,Tool,,,,,,,,,Tool,,,,,,Tool,,
scikit-learn,scikit-learn,labeler-title-regex.yml,,Tool,,Tool,Tool,Tool,,,,,,Tool,,Tool,,Tool,,,,Tool,,,
commaai,openpilot,repo-maintenance.yaml,Tool,Tool,,,Tool,,,,,,,,Tool,Tool,Tool,Tool,,Tool,,Tool,,,
keycloak,keycloak,documentation.yml,,,,,Tool,,,Tool,,,Tool,Tool,,Tool,Tool,Tool,,,Tool,,,,
trpc,trpc,main.yml,Tool,Tool,,,Tool,,,Tool,,,Tool,Tool,,Tool,Tool,Tool,,Tool,Tool,Tool,,,
unoplatform,uno,labeler.yml,,,,,Tool,,,,,,,,,Tool,Tool,Tool,,,,,,,
keycloak,keycloak,operator-ci.yml,,,,,Tool,,,Tool,,,,Tool,,Tool,Tool,Tool,,Tool,Tool,,,,
abpframework,abp,angular.yml,,Tool,,,,,,,,,,,,Tool,,Tool,,,Tool,,,,
chatgptnextweb,chatgpt-next-web,docker.yml,Tool,Tool,,Tool,Tool,,,,,,,Tool,,Tool,Tool,,,,,,Tool,,
spacedriveapp,spacedrive,cache-factory.yaml,,Tool,,,,,,Tool,,,,,,Tool,,,,Tool,,,,,
Nuxt,Nuxt,reproduire.yml,,,,,Tool,,,,,,,Tool,,Tool,Tool,Tool,,,,,,,
n8n-io,n8n,e2e-tests.yml,Tool,,,,Tool,,,,Tool,,,Tool,Tool,Tool,Tool,,,Tool,Tool,,,,
doocs,Leetcode,black-lint.yml,Tool,Tool,,,Tool,,,,,,,Tool,,Tool,Tool,Tool,,,Tool,,Tool,,
dotnet,AspNetCore.Docs,merge-live.yml,,Tool,,Tool,Tool,,,Tool,,,,Tool,,Tool,Tool,Tool,,Tool,,,,,
keycloak,keycloak,codeql-analysis.yml,,,,,Tool,,,Tool,,,,Tool,,Tool,Tool,Tool,,,,,,,
scikit-learn,scikit-learn,labeler-module.yml,,Tool,,Tool,Tool,Tool,,,,,,Tool,,Tool,Tool,Tool,,,,,,,
scikit-learn,scikit-learn,check-changelog.yml,,Tool,,,Tool,Tool,,,,,,Tool,,,Tool,Tool,,Tool,,,,,
keycloak,keycloak,label.yml,,,,,,,,,,,,,,Tool,Tool,,,,,,,,
commaai,openpilot,release.yaml,,Tool,,,Tool,,,,,,,,Tool,Tool,Tool,Tool,,Tool,Tool,,Tool,,
chatgptnextweb,chatgpt-next-web,issue-translator.yml,Tool,Tool,,Tool,Tool,,,,,,,Tool,,Tool,Tool,Tool,,,Tool,,Tool,,
appwrite,appwrite,release.yml,Tool,Tool,,Tool,Tool,,,,,,,Tool,Tool,Tool,Tool,,,,,,,,
appwrite,appwrite,stale.yml,Tool,Tool,Tool,Tool,Tool,,,,Tool,,,Tool,Tool,,Tool,Tool,,,,,,,
jquery,jquery,browserstack-dispatch.yml,Tool,,,,Tool,,,,,,,Tool,,Tool,Tool,Tool,,,Tool,,,Tool,
n8n-io,n8n,chromatic.yml,Tool,,Tool,,Tool,,,,Tool,,,Tool,,Tool,Tool,Tool,,Tool,,Tool,,,
jenkinsci,jenkins,publish-release-artifact.yml,,Tool,,,Tool,,,,,Tool,,Tool,Tool,Tool,Tool,Tool,,Tool,,,,,
scikit-learn,scikit-learn,wheels.yml,,Tool,,Tool,Tool,,,Tool,Tool,,Tool,Tool,,Tool,Tool,Tool,,,Tool,,,,
scikit-learn,scikit-learn,label-blank-issue.yml,,Tool,,Tool,Tool,,,,,,,Tool,,,Tool,Tool,,,,,Tool,,
commaai,openpilot,prebuilt.yaml,,Tool,,,Tool,,,,,,,,Tool,Tool,Tool,Tool,,Tool,Tool,,Tool,,
pixijs,pixi.js,push.yml,Tool,Tool,,,Tool,,,Tool,,,,Tool,,Tool,,,,,Tool,,,,
hpcaitech,ColossalAI,build_on_pr.yml,Tool,Tool,,Tool,Tool,Tool,,,,,Tool,Tool,,Tool,Tool,Tool,,Tool,,Tool,,,
mattermost,mattermost,e2e-tests-ci-template.yml,Tool,Tool,,,Tool,,,,,Tool,Tool,Tool,,Tool,Tool,Tool,,Tool,Tool,Tool,,Tool,
jquery,jquery,node.js.yml,,,,,Tool,Tool,Tool,Tool,,,,Tool,,Tool,Tool,,Tool,Tool,Tool,,,Tool,
openzipkin,zipkin,test_readme.yml,Tool,Tool,,,,Tool,Tool,,,,,Tool,,,,,,Tool,Tool,,,Tool,
gui-cs,Terminal.Gui,codeql-analysis.yml,Tool,Tool,,,Tool,Tool,Tool,,,,,,Tool,Tool,Tool,,,,Tool,,,,
app-vnext,polly,ossf-scorecard.yml,,,,,Tool,,Tool,Tool,Tool,,Tool,Tool,Tool,Tool,Tool,,,,,,,,
Prisma,Prisma,test-template.yml,Tool,Tool,,Tool,,,,,,,,Tool,,Tool,Tool,Tool,,Tool,Tool,,,,
pixijs,pixi.js,pull-unit.yml,Tool,Tool,,,Tool,,,,,,,Tool,,Tool,,,,,Tool,,Tool,,
halo-dev,halo,halo.yml,Tool,Tool,Tool,,Tool,Tool,Tool,,,Tool,Tool,Tool,,Tool,Tool,Tool,,Tool,Tool,,,Tool,
hpcaitech,ColossalAI,submodule.yml,Tool,Tool,Tool,,Tool,,,,,,,,Tool,,Tool,,,Tool,,,Tool,,
gui-cs,Terminal.Gui,api-docs.yml,Tool,Tool,,,Tool,,Tool,,,,,Tool,,Tool,Tool,,,Tool,Tool,,Tool,,
gui-cs,Terminal.Gui,codeql.yml,,Tool,,,,Tool,Tool,Tool,,,,,Tool,Tool,Tool,,,,,,,,
oracle,graal,reachability-metadata.yml,,Tool,,,Tool,Tool,,,Tool,,,Tool,Tool,Tool,Tool,,,Tool,Tool,,,,
app-vnext,polly,on-push-do-docs.yml,,,,Tool,Tool,,Tool,,,,,Tool,,Tool,Tool,,,Tool,,,,,
abpframework,abp,codeql-analysis.yml,,Tool,,,Tool,Tool,Tool,,,,,Tool,,Tool,Tool,Tool,,,,,,,
Jackett,Jackett,issuebot.yml,,Tool,,,Tool,,,,,,,,Tool,Tool,Tool,,,,,Tool,,,
n8n-io,n8n,ci-postgres-mysql.yml,Tool,,,,Tool,,,,Tool,,,Tool,,Tool,Tool,Tool,,,Tool,,,Tool,
commaai,openpilot,badges.yaml,,Tool,,,Tool,,,,,,,,Tool,Tool,Tool,Tool,,Tool,,,Tool,,
doocs,Leetcode,compress.yml,Tool,Tool,,,Tool,,,,,,,,,Tool,Tool,,,,,,,,
remix-run,remix,release.yml,Tool,Tool,Tool,,Tool,,Tool,Tool,,,,,Tool,Tool,Tool,Tool,,Tool,,Tool,,,
redisson,redisson,maven.yml,,Tool,,,Tool,,,,,,,Tool,,Tool,Tool,Tool,,,Tool,,Tool,Tool,
doocs,Leetcode,deploy.yml,Tool,Tool,Tool,Tool,Tool,,,,,,,Tool,,,Tool,,Tool,Tool,Tool,Tool,Tool,,
doocs,Leetcode,prettier.yml,,Tool,,Tool,Tool,,,,,,,Tool,,Tool,Tool,,,Tool,,,Tool,,
abpframework,abp,auto-pr.yml,,Tool,,Tool,Tool,,Tool,Tool,,,,Tool,,,Tool,Tool,,Tool,,,,,
google,gson,check-android-compatibility.yml,,,,,Tool,Tool,Tool,Tool,,,,Tool,,Tool,Tool,Tool,,Tool,,,,,
google,gson,cifuzz.yml,,,,,Tool,,,,,Tool,,Tool,,Tool,Tool,,,,,,,,
jquery,jquery,browserstack.yml,Tool,,,,,,Tool,Tool,,,,Tool,,Tool,Tool,,Tool,,,,,,
Jackett,Jackett,codeql-analysis.yml,,Tool,,,Tool,,,,,,,,,Tool,,,,,,,,,
getsentry,sentry,backend.yml,Tool,,,,Tool,,,Tool,,,,Tool,,Tool,,Tool,,Tool,Tool,,,Tool,
n8n-io,n8n,check-documentation-urls.yml,Tool,,,,,,,,Tool,,,Tool,Tool,Tool,Tool,Tool,,,,Tool,,,
cypress-io,cypress,update-browser-versions.yml,Tool,Tool,Tool,Tool,Tool,,,,Tool,,,Tool,Tool,Tool,Tool,,,Tool,,,,,
app-vnext,polly,stale.yml,,,,,Tool,,,,Tool,,,Tool,Tool,Tool,Tool,Tool,,,,,,,
n8n-io,n8n,ci-master.yml,Tool,,,,Tool,,Tool,Tool,,,,Tool,,Tool,Tool,,,,,,,,
appwrite,appwrite,cleanup-cache.yml,Tool,Tool,Tool,Tool,Tool,Tool,,,,,,Tool,,Tool,Tool,,,Tool,,,,,
parcel-bundler,parcel,canary-release.yml,Tool,,,,,,,,Tool,,,Tool,Tool,,,,,,,,,,
scikit-learn,scikit-learn,check-sdist.yml,,Tool,,Tool,Tool,,,,Tool,,,Tool,Tool,,Tool,Tool,,Tool,,Tool,,,
oracle,graal,spring.yml,,Tool,,,Tool,Tool,,,,,,,Tool,Tool,,,,Tool,Tool,,,,
google,gson,check-api-compatibility.yml,,,,,Tool,,,,,Tool,,Tool,,Tool,Tool,,,Tool,,,,,
cheeriojs,cheerio,site.yml,,Tool,,,Tool,,,Tool,,,,Tool,,,Tool,,,,Tool,,,Tool,
app-vnext,polly,after-release.yml,,,,Tool,Tool,,,,,,,Tool,Tool,Tool,Tool,,,Tool,,,,,
abpframework,abp,build-and-test.yml,,Tool,,,,Tool,Tool,,,,Tool,Tool,,Tool,,Tool,,,Tool,,Tool,Tool,
mattermost,mattermost,codeql-analysis.yml,,Tool,,,Tool,Tool,,,,,,,Tool,Tool,Tool,,,Tool,,,,,
google,gson,codeql-analysis.yml,,,,,Tool,Tool,Tool,Tool,Tool,,,Tool,Tool,Tool,Tool,,,,,,,,
keycloak,keycloak,ci.yml,,,,Tool,Tool,,,Tool,,Tool,,Tool,,Tool,Tool,Tool,,Tool,Tool,,,,
hpcaitech,ColossalAI,draft_github_release_post_after_merge.yml,Tool,Tool,Tool,,Tool,Tool,,,,,,,Tool,Tool,Tool,Tool,,Tool,,Tool,Tool,,
getsentry,sentry,codecov_carryforward_reports.yml,Tool,,,,Tool,,Tool,Tool,,,,Tool,,Tool,Tool,Tool,,Tool,,,,,
hpcaitech,ColossalAI,report_test_coverage.yml,Tool,Tool,Tool,,Tool,,,,,,,Tool,,,Tool,,,Tool,,,Tool,,
mattermost,mattermost,e2e-fulltests-ci.yml,Tool,,,Tool,Tool,,,,,,,Tool,,Tool,Tool,,,Tool,Tool,,,,
parcel-bundler,parcel,ci.yml,,Tool,,,Tool,Tool,Tool,Tool,,Tool,,Tool,,,Tool,Tool,,Tool,Tool,,,Tool,
localstack,localstack,tests-cli.yml,,Tool,,,Tool,,,,,,,Tool,,Tool,Tool,,,Tool,Tool,Tool,,,
dotnet,AspNetCore.Docs,whats-new.yml,,Tool,,,Tool,,,,,,,,Tool,Tool,Tool,Tool,,,,,,,
alibaba,sentinel,document-lint.yml,Tool,Tool,,,Tool,Tool,Tool,Tool,,,,Tool,,,Tool,Tool,,,,Tool,Tool,,
gui-cs,Terminal.Gui,dotnet-core.yml,Tool,Tool,,,,Tool,Tool,,,,,Tool,,Tool,,,,Tool,,,,Tool,
scikit-learn,scikit-learn,unassign.yml,,,,Tool,Tool,,,,,,,Tool,,Tool,Tool,,,Tool,,,,,
doocs,Leetcode,pr-checker.yml,Tool,Tool,,Tool,Tool,,,,,,,Tool,,Tool,Tool,,,,Tool,,,,
Nuxt,Nuxt,scorecards.yml,,,,,Tool,,Tool,Tool,,,,,Tool,Tool,Tool,,,,,,,,
jenkinsci,jenkins,announce-lts-rc.yml,Tool,,,,Tool,,,,,,,Tool,,Tool,Tool,,,,,,,,
oracle,graal,micronaut.yml,,Tool,,,Tool,Tool,,,,,,,Tool,Tool,,,,Tool,Tool,,,,
gpt-engineer-org,gpt-engineer,ci.yaml,Tool,Tool,,,Tool,,,,,,,Tool,,Tool,Tool,,,Tool,Tool,,,,
